{
  "annotations": {
    "list": [
      {
        "builtIn": 1,
        "datasource": {
          "type": "datasource",
          "uid": "grafana"
        },
        "enable": true,
        "hide": true,
        "iconColor": "rgba(0, 211, 255, 1)",
        "name": "Annotations & Alerts",
        "type": "dashboard"
      }
    ]
  },
  "description": "Swisstronik Network",
  "editable": true,
  "fiscalYearStartMonth": 0,
  "graphTooltip": 0,
  "id": 4,
  "links": [],
  "liveNow": false,
  "panels": [
    {
      "collapsed": false,
      "datasource": {
        "type": "prometheus",
        "uid": "c080a179-5177-46fb-8daf-5c5d1ff71290"
      },
      "gridPos": {
        "h": 1,
        "w": 24,
        "x": 0,
        "y": 0
      },
      "id": 64,
      "panels": [],
      "targets": [
        {
          "datasource": {
            "type": "prometheus",
            "uid": "c080a179-5177-46fb-8daf-5c5d1ff71290"
          },
          "refId": "A"
        }
      ],
      "title": "$chain_id overview",
      "type": "row"
    },
    {
      "datasource": {
        "uid": "$DS"
      },
      "description": "",
      "fieldConfig": {
        "defaults": {
          "color": {
            "mode": "thresholds"
          },
          "decimals": 0,
          "mappings": [],
          "thresholds": {
            "mode": "absolute",
            "steps": [
              {
                "color": "green",
                "value": null
              },
              {
                "color": "red",
                "value": 80
              }
            ]
          },
          "unit": "locale"
        },
        "overrides": []
      },
      "gridPos": {
        "h": 4,
        "w": 6,
        "x": 0,
        "y": 1
      },
      "hideTimeOverride": false,
      "id": 4,
      "links": [],
      "maxDataPoints": 100,
      "options": {
        "colorMode": "value",
        "graphMode": "none",
        "justifyMode": "auto",
        "orientation": "horizontal",
        "reduceOptions": {
          "calcs": [
            "lastNotNull"
          ],
          "fields": "",
          "values": false
        },
        "textMode": "auto"
      },
      "pluginVersion": "9.5.2",
      "targets": [
        {
          "datasource": {
            "uid": "$DS"
          },
          "expr": "tendermint_consensus_height{chain_id=\"$chain_id\", instance=\"$instance\"}",
          "format": "time_series",
          "hide": false,
          "instant": true,
          "interval": "30s",
          "intervalFactor": 1,
          "refId": "A"
        }
      ],
      "title": "Block Height",
      "type": "stat"
    },
    {
      "datasource": {
        "uid": "$DS"
      },
      "description": "",
      "fieldConfig": {
        "defaults": {
          "color": {
            "mode": "thresholds"
          },
          "decimals": 0,
          "mappings": [],
          "thresholds": {
            "mode": "absolute",
            "steps": [
              {
                "color": "green",
                "value": null
              },
              {
                "color": "red",
                "value": 80
              }
            ]
          },
          "unit": "locale"
        },
        "overrides": []
      },
      "gridPos": {
        "h": 4,
        "w": 6,
        "x": 6,
        "y": 1
      },
      "hideTimeOverride": false,
      "id": 40,
      "links": [],
      "maxDataPoints": 100,
      "options": {
        "colorMode": "value",
        "graphMode": "none",
        "justifyMode": "auto",
        "orientation": "horizontal",
        "reduceOptions": {
          "calcs": [
            "lastNotNull"
          ],
          "fields": "",
          "values": false
        },
        "textMode": "auto"
      },
      "pluginVersion": "9.5.2",
      "targets": [
        {
          "datasource": {
            "uid": "$DS"
          },
          "expr": "tendermint_consensus_total_txs{chain_id=\"$chain_id\", instance=\"$instance\"}",
          "format": "time_series",
          "interval": "30s",
          "intervalFactor": 1,
          "refId": "A"
        }
      ],
      "title": "Total Transactions",
      "type": "stat"
    },
    {
      "datasource": {
        "type": "prometheus",
        "uid": "$DS"
      },
      "description": "",
      "fieldConfig": {
        "defaults": {
          "color": {
            "mode": "thresholds"
          },
          "decimals": 2,
          "mappings": [
            {
              "options": {
                "match": "null",
                "result": {
                  "text": "N/A"
                }
              },
              "type": "special"
            }
          ],
          "thresholds": {
            "mode": "absolute",
            "steps": [
              {
                "color": "green",
                "value": null
              },
              {
                "color": "red",
                "value": 80
              }
            ]
          },
          "unit": "s"
        },
        "overrides": []
      },
      "gridPos": {
        "h": 4,
        "w": 6,
        "x": 12,
        "y": 1
      },
      "hideTimeOverride": true,
      "id": 39,
      "links": [],
      "maxDataPoints": 100,
      "options": {
        "colorMode": "value",
        "graphMode": "area",
        "justifyMode": "auto",
        "orientation": "horizontal",
        "reduceOptions": {
          "calcs": [
            "mean"
          ],
          "fields": "",
          "values": false
        },
        "textMode": "auto"
      },
      "pluginVersion": "9.5.2",
      "targets": [
        {
          "datasource": {
            "type": "prometheus",
            "uid": "$DS"
          },
          "editorMode": "code",
          "expr": "tendermint_consensus_block_interval_seconds_sum / tendermint_consensus_block_interval_seconds_count",
          "hide": false,
          "legendFormat": "__auto",
          "range": true,
          "refId": "A"
        }
      ],
      "timeFrom": "1h",
      "title": "Avg Block Time",
      "type": "stat"
    },
    {
      "datasource": {
        "uid": "$DS"
      },
      "description": "",
      "fieldConfig": {
        "defaults": {
          "color": {
            "mode": "thresholds"
          },
          "decimals": 0,
          "mappings": [],
          "max": 50,
          "thresholds": {
            "mode": "absolute",
            "steps": [
              {
                "color": "#7eb26d",
                "value": null
              },
              {
                "color": "#ef843c",
                "value": 10
              },
              {
                "color": "#e24d42",
                "value": 20
              }
            ]
          },
          "unit": "short"
        },
        "overrides": []
      },
      "gridPos": {
        "h": 4,
        "w": 6,
        "x": 18,
        "y": 1
      },
      "hideTimeOverride": true,
      "id": 56,
      "links": [],
      "options": {
        "orientation": "horizontal",
        "reduceOptions": {
          "calcs": [
            "last"
          ],
          "fields": "",
          "values": false
        },
        "showThresholdLabels": false,
        "showThresholdMarkers": true
      },
      "pluginVersion": "9.5.2",
      "targets": [
        {
          "datasource": {
            "uid": "$DS"
          },
          "expr": "tendermint_mempool_size{chain_id=\"$chain_id\", instance=~\"$instance\"}",
          "format": "time_series",
          "instant": true,
          "interval": "30s",
          "intervalFactor": 1,
          "refId": "A"
        }
      ],
      "title": "Unconfirmed Transactions",
      "type": "gauge"
    },
    {
      "aliasColors": {
        "Height for last 3 hours": "#447ebc",
        "Total Transactions for last 3 hours": "#ef843c"
      },
      "bars": false,
      "dashLength": 10,
      "dashes": false,
      "datasource": {
        "uid": "$DS"
      },
      "decimals": 0,
      "fieldConfig": {
        "defaults": {
          "links": []
        },
        "overrides": []
      },
      "fill": 3,
      "fillGradient": 0,
      "gridPos": {
        "h": 9,
        "w": 12,
        "x": 0,
        "y": 5
      },
      "hiddenSeries": false,
      "hideTimeOverride": false,
      "id": 15,
      "legend": {
        "alignAsTable": true,
        "avg": false,
        "current": true,
        "max": true,
        "min": true,
        "rightSide": false,
        "show": true,
        "sideWidth": 350,
        "total": false,
        "values": true
      },
      "lines": true,
      "linewidth": 1,
      "links": [],
      "nullPointMode": "null",
      "options": {
        "alertThreshold": true
      },
      "percentage": false,
      "pluginVersion": "9.5.2",
      "pointradius": 5,
      "points": false,
      "renderer": "flot",
      "seriesOverrides": [],
      "spaceLength": 10,
      "stack": false,
      "steppedLine": false,
      "targets": [
        {
          "datasource": {
            "uid": "$DS"
          },
          "expr": "tendermint_consensus_validators{chain_id=\"$chain_id\", instance=\"$instance\"}",
          "format": "time_series",
          "instant": false,
          "interval": "",
          "intervalFactor": 1,
          "legendFormat": "Active",
          "refId": "A"
        },
        {
          "datasource": {
            "uid": "$DS"
          },
          "expr": "tendermint_consensus_missing_validators{chain_id=\"$chain_id\", instance=\"$instance\"}",
          "format": "time_series",
          "interval": "",
          "intervalFactor": 1,
          "legendFormat": "Missing",
          "refId": "B"
        },
        {
          "datasource": {
            "uid": "$DS"
          },
          "expr": "tendermint_consensus_byzantine_validators{chain_id=\"$chain_id\", instance=\"$instance\"}",
          "format": "time_series",
          "intervalFactor": 1,
          "legendFormat": "Byzantine",
          "refId": "C"
        }
      ],
      "thresholds": [],
      "timeRegions": [],
      "title": "Validators",
      "tooltip": {
        "shared": true,
        "sort": 0,
        "value_type": "individual"
      },
      "type": "graph",
      "xaxis": {
        "mode": "time",
        "show": true,
        "values": []
      },
      "yaxes": [
        {
          "decimals": 0,
          "format": "locale",
          "label": "",
          "logBase": 1,
          "min": "0",
          "show": true
        },
        {
          "format": "none",
          "logBase": 1,
          "show": false
        }
      ],
      "yaxis": {
        "align": false
      }
    },
    {
      "aliasColors": {
        "Height for last 3 hours": "#447ebc",
        "Total Transactions for last 3 hours": "#ef843c"
      },
      "bars": false,
      "dashLength": 10,
      "dashes": false,
      "datasource": {
        "uid": "$DS"
      },
      "fieldConfig": {
        "defaults": {
          "links": []
        },
        "overrides": []
      },
      "fill": 3,
      "fillGradient": 0,
      "gridPos": {
        "h": 9,
        "w": 12,
        "x": 12,
        "y": 5
      },
      "hiddenSeries": false,
      "hideTimeOverride": false,
      "id": 48,
      "legend": {
        "alignAsTable": true,
        "avg": false,
        "current": true,
        "max": true,
        "min": true,
        "rightSide": false,
        "show": true,
        "sideWidth": 350,
        "total": false,
        "values": true
      },
      "lines": true,
      "linewidth": 1,
      "links": [],
      "nullPointMode": "null",
      "options": {
        "alertThreshold": true
      },
      "percentage": false,
      "pluginVersion": "9.5.2",
      "pointradius": 5,
      "points": false,
      "renderer": "flot",
      "seriesOverrides": [],
      "spaceLength": 10,
      "stack": false,
      "steppedLine": false,
      "targets": [
        {
          "datasource": {
            "uid": "$DS"
          },
          "expr": "tendermint_consensus_validators_power{chain_id=\"$chain_id\", instance=\"$instance\"}",
          "format": "time_series",
          "instant": false,
          "interval": "",
          "intervalFactor": 1,
          "legendFormat": "Online",
          "refId": "A"
        },
        {
          "datasource": {
            "uid": "$DS"
          },
          "expr": "tendermint_consensus_missing_validators_power{chain_id=\"$chain_id\", instance=\"$instance\"}",
          "format": "time_series",
          "interval": "",
          "intervalFactor": 1,
          "legendFormat": "Missing",
          "refId": "B"
        },
        {
          "datasource": {
            "uid": "$DS"
          },
          "expr": "tendermint_consensus_byzantine_validators_power{chain_id=\"$chain_id\", instance=\"$instance\"}",
          "format": "time_series",
          "intervalFactor": 1,
          "legendFormat": "Byzantine",
          "refId": "C"
        }
      ],
      "thresholds": [],
      "timeRegions": [],
      "title": "Voting Power",
      "tooltip": {
        "shared": true,
        "sort": 0,
        "value_type": "individual"
      },
      "type": "graph",
      "xaxis": {
        "mode": "time",
        "show": true,
        "values": []
      },
      "yaxes": [
        {
          "decimals": 0,
          "format": "short",
          "label": "",
          "logBase": 1,
          "min": "0",
          "show": true
        },
        {
          "format": "none",
          "logBase": 1,
          "show": false
        }
      ],
      "yaxis": {
        "align": false
      }
    },
    {
      "aliasColors": {
        "Height for last 3 hours": "#447ebc",
        "Total Transactions for last 3 hours": "#ef843c"
      },
      "bars": false,
      "dashLength": 10,
      "dashes": false,
      "datasource": {
        "uid": "$DS"
      },
      "fieldConfig": {
        "defaults": {
          "links": []
        },
        "overrides": []
      },
      "fill": 3,
      "fillGradient": 0,
      "gridPos": {
        "h": 5,
        "w": 12,
        "x": 0,
        "y": 14
      },
      "hiddenSeries": false,
      "hideTimeOverride": false,
      "id": 49,
      "legend": {
        "alignAsTable": false,
        "avg": true,
        "current": false,
        "max": true,
        "min": false,
        "rightSide": false,
        "show": true,
        "total": false,
        "values": true
      },
      "lines": true,
      "linewidth": 1,
      "links": [],
      "nullPointMode": "null",
      "options": {
        "alertThreshold": true
      },
      "percentage": false,
      "pluginVersion": "9.5.2",
      "pointradius": 5,
      "points": false,
      "renderer": "flot",
      "seriesOverrides": [],
      "spaceLength": 10,
      "stack": false,
      "steppedLine": false,
      "targets": [
        {
          "datasource": {
            "uid": "$DS"
          },
          "expr": "tendermint_consensus_block_size_bytes{chain_id=\"$chain_id\", instance=\"$instance\"}",
          "format": "time_series",
          "instant": false,
          "interval": "",
          "intervalFactor": 1,
          "legendFormat": "Block Size",
          "refId": "A"
        }
      ],
      "thresholds": [],
      "timeRegions": [],
      "title": "Block Size",
      "tooltip": {
        "shared": true,
        "sort": 0,
        "value_type": "individual"
      },
      "type": "graph",
      "xaxis": {
        "mode": "time",
        "show": true,
        "values": []
      },
      "yaxes": [
        {
          "decimals": 2,
          "format": "bytes",
          "label": "",
          "logBase": 1,
          "min": "0",
          "show": true
        },
        {
          "format": "none",
          "logBase": 1,
          "show": false
        }
      ],
      "yaxis": {
        "align": false
      }
    },
    {
      "aliasColors": {
        "Height for last 3 hours": "#447ebc",
        "Total Transactions for last 3 hours": "#ef843c"
      },
      "bars": false,
      "dashLength": 10,
      "dashes": false,
      "datasource": {
        "uid": "$DS"
      },
      "decimals": 0,
      "fieldConfig": {
        "defaults": {
          "links": []
        },
        "overrides": []
      },
      "fill": 3,
      "fillGradient": 0,
      "gridPos": {
        "h": 5,
        "w": 12,
        "x": 12,
        "y": 14
      },
      "hiddenSeries": false,
      "hideTimeOverride": false,
      "id": 50,
      "legend": {
        "alignAsTable": false,
        "avg": true,
        "current": false,
        "max": true,
        "min": false,
        "rightSide": false,
        "show": true,
        "total": true,
        "values": true
      },
      "lines": true,
      "linewidth": 1,
      "links": [],
      "nullPointMode": "null",
      "options": {
        "alertThreshold": true
      },
      "percentage": false,
      "pluginVersion": "9.5.2",
      "pointradius": 5,
      "points": false,
      "renderer": "flot",
      "seriesOverrides": [],
      "spaceLength": 10,
      "stack": false,
      "steppedLine": false,
      "targets": [
        {
          "datasource": {
            "uid": "$DS"
          },
          "expr": "tendermint_consensus_num_txs{chain_id=\"$chain_id\", instance=\"$instance\"}",
          "format": "time_series",
          "instant": false,
          "interval": "",
          "intervalFactor": 1,
          "legendFormat": "Transactions",
          "refId": "A"
        }
      ],
      "thresholds": [],
      "timeRegions": [],
      "title": "Transactions",
      "tooltip": {
        "shared": true,
        "sort": 0,
        "value_type": "individual"
      },
      "type": "graph",
      "xaxis": {
        "mode": "time",
        "show": true,
        "values": []
      },
      "yaxes": [
        {
          "decimals": 0,
          "format": "short",
          "label": "",
          "logBase": 1,
          "min": "0",
          "show": true
        },
        {
          "format": "none",
          "logBase": 1,
          "show": false
        }
      ],
      "yaxis": {
        "align": false
      }
    },
    {
      "datasource": {
        "type": "prometheus",
        "uid": "${DS}"
      },
      "description": "Amount of transactions in mempool",
      "fieldConfig": {
        "defaults": {
          "color": {
            "mode": "thresholds"
          },
          "mappings": [],
          "thresholds": {
            "mode": "absolute",
            "steps": [
              {
                "color": "green",
                "value": null
              },
              {
                "color": "red",
                "value": 80
              }
            ]
          }
        },
        "overrides": []
      },
      "gridPos": {
        "h": 8,
        "w": 12,
        "x": 0,
        "y": 19
      },
      "id": 66,
      "options": {
        "colorMode": "value",
        "graphMode": "area",
        "justifyMode": "auto",
        "orientation": "auto",
        "reduceOptions": {
          "calcs": [
            "lastNotNull"
          ],
          "fields": "",
          "values": false
        },
        "textMode": "auto"
      },
      "pluginVersion": "9.5.2",
      "targets": [
        {
          "datasource": {
            "type": "prometheus",
            "uid": "${DS}"
          },
          "editorMode": "code",
          "exemplar": false,
          "expr": "tendermint_mempool_size",
          "format": "time_series",
          "instant": false,
          "legendFormat": "txs",
          "range": true,
          "refId": "A"
        }
      ],
      "title": "Mempool",
      "type": "stat"
    },
    {
      "datasource": {
        "type": "prometheus",
        "uid": "${DS}"
      },
      "description": "Minimal price for gas unit",
      "fieldConfig": {
        "defaults": {
          "color": {
            "mode": "palette-classic"
          },
          "custom": {
            "axisCenteredZero": false,
            "axisColorMode": "text",
            "axisLabel": "",
            "axisPlacement": "auto",
            "barAlignment": 0,
            "drawStyle": "line",
            "fillOpacity": 0,
            "gradientMode": "none",
            "hideFrom": {
              "legend": false,
              "tooltip": false,
              "viz": false
            },
            "lineInterpolation": "smooth",
            "lineWidth": 2,
            "pointSize": 5,
            "scaleDistribution": {
              "type": "linear"
            },
            "showPoints": "auto",
            "spanNulls": false,
            "stacking": {
              "group": "A",
              "mode": "none"
            },
            "thresholdsStyle": {
              "mode": "off"
            }
          },
          "mappings": [],
          "thresholds": {
            "mode": "absolute",
            "steps": [
              {
                "color": "green",
                "value": null
              },
              {
                "color": "red",
                "value": 80
              }
            ]
          }
        },
        "overrides": [
          {
            "__systemRef": "hideSeriesFrom",
            "matcher": {
              "id": "byNames",
              "options": {
                "mode": "exclude",
                "names": [
                  "{__name__=\"feemarket_base_fee\", instance=\"validator\", job=\"swisstronik\"}"
                ],
                "prefix": "All except:",
                "readOnly": true
              }
            },
            "properties": [
              {
                "id": "custom.hideFrom",
                "value": {
                  "legend": false,
                  "tooltip": false,
                  "viz": true
                }
              }
            ]
          }
        ]
      },
      "gridPos": {
        "h": 8,
        "w": 12,
        "x": 12,
        "y": 19
      },
      "id": 65,
      "options": {
        "legend": {
          "calcs": [],
          "displayMode": "list",
          "placement": "bottom",
          "showLegend": false
        },
        "tooltip": {
          "mode": "single",
          "sort": "none"
        }
      },
      "targets": [
        {
          "datasource": {
            "type": "prometheus",
            "uid": "${DS}"
          },
          "editorMode": "builder",
          "expr": "feemarket_base_fee",
          "legendFormat": "__auto",
          "range": true,
          "refId": "A"
        }
      ],
      "title": "Base Fee",
      "type": "timeseries"
    }
  ],
  "refresh": "",
  "schemaVersion": 38,
  "style": "dark",
  "tags": [
    "Blockchain",
    "Cosmos"
  ],
  "templating": {
    "list": [
      {
        "current": {
          "selected": false,
          "text": "Cosmos",
          "value": "Cosmos"
        },
        "hide": 0,
        "includeAll": false,
        "label": "Datasource",
        "multi": false,
        "name": "DS",
        "options": [],
        "query": "prometheus",
        "refresh": 1,
        "regex": "",
        "skipUrlSync": false,
        "type": "datasource"
      },
      {
        "current": {
          "selected": false,
          "text": "swisstronik_4141-1",
          "value": "swisstronik_4141-1"
        },
        "datasource": {
          "uid": "$DS"
        },
        "definition": "label_values(tendermint_consensus_height, chain_id)",
        "hide": 0,
        "includeAll": false,
        "label": "Chain ID",
        "multi": false,
        "name": "chain_id",
        "options": [],
        "query": "label_values(tendermint_consensus_height, chain_id)",
        "refresh": 1,
        "regex": "",
        "skipUrlSync": false,
        "sort": 0,
        "tagValuesQuery": "",
        "tagsQuery": "",
        "type": "query",
        "useTags": false
      },
      {
        "allValue": "",
        "current": {
          "selected": false,
          "text": "validator",
          "value": "validator"
        },
        "datasource": {
          "uid": "$DS"
        },
        "definition": "label_values(tendermint_consensus_height{chain_id=\"$chain_id\"}, instance)",
        "hide": 0,
        "includeAll": false,
        "label": "Instance",
        "multi": false,
        "name": "instance",
        "options": [],
        "query": "label_values(tendermint_consensus_height{chain_id=\"$chain_id\"}, instance)",
        "refresh": 1,
        "regex": "",
        "skipUrlSync": false,
        "sort": 5,
        "tagValuesQuery": "",
        "tagsQuery": "",
        "type": "query",
        "useTags": false
      }
    ]
  },
  "time": {
    "from": "now/d",
    "to": "now"
  },
  "timepicker": {
    "refresh_intervals": [
      "5s",
      "10s",
      "30s",
      "1m",
      "5m",
      "15m",
      "30m",
      "1h",
      "2h",
      "1d"
    ],
    "time_options": [
      "5m",
      "15m",
      "1h",
      "6h",
      "12h",
      "24h",
      "2d",
      "7d",
      "30d"
    ]
  },
  "timezone": "",
  "title": "Cosmos Blockchains",
  "uid": "UJyurCTWz",
  "version": 8,
  "weekStart": ""
}